file,shape,vowel,dur_norm,frame,syllable,stress
baːpəx.TextGrid,CvːCax,a:,169.4630872,1,1,1
baːpəx.TextGrid,CvːCax,ə,21.81208054,1,2,0
baːpəx.TextGrid,CvːCax,a:,193.7956204,2,1,1
baːpəx.TextGrid,CvːCax,ə,33.94160584,2,2,0
baːpəx-2.TextGrid,CvːCax,a:,164.6341463,1,1,1
baːpəx-2.TextGrid,CvːCax,ə,59.95934959,1,2,0
baːpəx-2.TextGrid,CvːCax,a:,190.8,2,1,1
baːpəx-2.TextGrid,CvːCax,ə,48,2,2,0
baːpəx-3.TextGrid,CvːCax,a:,150.8491508,1,1,1
baːpəx-3.TextGrid,CvːCax,ə,39.96003996,1,2,0
baːpəx-3.TextGrid,CvːCax,a:,136.196319,2,1,1
baːpəx-3.TextGrid,CvːCax,,,2,2,0
baːsuː.TextGrid,CVːCVː,a:,151.9861831,1,1,1
baːsuː.TextGrid,CVːCVː,u:,234.8877375,1,2,0
baːsuː.TextGrid,CVːCVː,a:,223.0188679,2,1,1
baːsuː.TextGrid,CVːCVː,u:,207.1698113,2,2,0
baːsuː-2.TextGrid,CVːCVː,a:,191.6038751,1,1,1
baːsuː-2.TextGrid,CVːCVː,u:,238.9666308,1,2,0
baːsuː-2.TextGrid,CVːCVː,a:,164.6103896,2,1,1
baːsuː-2.TextGrid,CVːCVː,u:,170.4545455,2,2,0
baːsuː-3.TextGrid,CVːCVː,a:,157.7253219,1,1,1
baːsuː-3.TextGrid,CVːCVː,u:,444.2060086,1,2,0
baːsuː-3.TextGrid,CVːCVː,a:,148.75,2,1,1
baːsuː-3.TextGrid,CVːCVː,u:,348.75,2,2,0
bahuː.TextGrid,CVCVː,a,100.4901961,1,1,0
bahuː.TextGrid,CVCVː,u:,189.5424837,1,2,1
bahuː.TextGrid,CVCVː,a,109.1803279,2,1,0
bahuː.TextGrid,CVCVː,u:,215.4098361,2,2,1
bahuː-2.TextGrid,CVCVː,a,169.7099893,1,1,0
bahuː-2.TextGrid,CVCVː,u:,243.8238453,1,2,1
bahuː-2.TextGrid,CVCVː,a,151.590106,2,1,0
bahuː-2.TextGrid,CVCVː,u:,235.335689,2,2,1
bahuː-3.TextGrid,CVCVː,a,165.1884701,1,1,0
bahuː-3.TextGrid,CVCVː,u:,277.1618625,1,2,1
bahuː-3.TextGrid,CVCVː,a,160.3846154,2,1,0
bahuː-3.TextGrid,CVCVː,u:,238.8461538,2,2,1
batə.TextGrid,CVCV,a,129.8701299,1,1,1
batə.TextGrid,CVCV,ə,195.9858323,1,2,0
batə.TextGrid,CVCV,a,153.0364372,2,1,1
batə.TextGrid,CVCV,ə,137.2469636,2,2,0
batə-2.TextGrid,CVCV,a,127.1617497,1,1,1
batə-2.TextGrid,CVCV,ə,104.7812818,1,2,0
batə-2.TextGrid,CVCV,a,137.0689655,2,1,1
batə-2.TextGrid,CVCV,ə,107.3275862,2,2,0
batə-3.TextGrid,CVCV,a,129.3013556,1,1,1
batə-3.TextGrid,CVCV,ə,94.89051095,1,2,0
batə-3.TextGrid,CVCV,a,142.1052632,2,1,1
batə-3.TextGrid,CVCV,ə,119.0283401,2,2,0
baxtə.TextGrid,CaxCV,a,68.28528073,1,1,1
baxtə.TextGrid,CaxCV,ə,97.87556904,1,2,0
baxtə.TextGrid,CaxCV,a,78.30188679,2,1,1
baxtə.TextGrid,CaxCV,ə,139.6226415,2,2,0
baxtə-2.TextGrid,CaxCV,a,76.99901283,1,1,1
baxtə-2.TextGrid,CaxCV,ə,57.25567621,1,2,0
baxtə-2.TextGrid,CaxCV,a,111.3207547,2,1,1
baxtə-2.TextGrid,CaxCV,ə,116.9811321,2,2,0
baxtə-3.TextGrid,CaxCV,a,93.41199607,1,1,1
baxtə-3.TextGrid,CaxCV,ə,104.2281219,1,2,0
baxtə-3.TextGrid,CaxCV,a,126.5060241,2,1,1
baxtə-3.TextGrid,CaxCV,ə,112.0481928,2,2,0
baxtə-4.TextGrid,CaxCV,a,113.9380531,1,1,1
baxtə-4.TextGrid,CaxCV,ə,151.5486726,1,2,0
baxtə-4.TextGrid,CaxCV,a,130.2631579,2,1,1
baxtə-4.TextGrid,CaxCV,ə,157.8947368,2,2,0
baxtəx-2.TextGrid,CaxCax,a,103.9387309,1,1,1
baxtəx-2.TextGrid,CaxCax,ə,97.37417943,1,2,0
baxtəx-2.TextGrid,CaxCax,a,114.7368421,2,1,1
baxtəx-2.TextGrid,CaxCax,ə,75.78947368,2,2,0
baxtəx-3.TextGrid,CaxCax,a,119.5779601,1,1,1
baxtəx-3.TextGrid,CaxCax,ə,99.64830012,1,2,0
baxtəx-3.TextGrid,CaxCax,a,138.1889764,2,1,1
baxtəx-3.TextGrid,CaxCax,ə,82.67716535,2,2,0
baxto.TextGrid,CaxCV,a,123.1884058,1,1,1
baxto.TextGrid,CaxCV,o,335.7487923,1,2,0
baxto.TextGrid,CaxCV,a,112.6482213,2,1,1
baxto.TextGrid,CaxCV,o,341.5019763,2,2,0
baxto-2.TextGrid,CaxCV,a,72.29894395,1,1,1
baxto-2.TextGrid,CaxCV,o,198.2128351,1,2,0
baxto-2.TextGrid,CaxCV,a,91.15384615,2,1,1
baxto-2.TextGrid,CaxCV,o,225,2,2,0
baxtuː.TextGrid,CaxCVː,a,100.2066116,1,1,0
baxtuː.TextGrid,CaxCVː,u:,304.7520661,1,2,1
baxtuː.TextGrid,CaxCVː,a,87.30650155,2,1,0
baxtuː.TextGrid,CaxCVː,u:,183.9009288,2,2,1
baxtuː-2.TextGrid,CaxCVː,a,84.7107438,1,1,0
baxtuː-2.TextGrid,CaxCVː,u:,259.2975207,1,2,1
baxtuː-2.TextGrid,CaxCVː,a,114.2307692,2,1,0
baxtuː-2.TextGrid,CaxCVː,u:,244.6153846,2,2,1
baxtuː-3.TextGrid,CaxCVː,a,113.1868132,1,1,0
baxtuː-3.TextGrid,CaxCVː,u:,273.6263736,1,2,1
baxtuː-3.TextGrid,CaxCVː,a,123.8095238,2,1,0
baxtuː-3.TextGrid,CaxCVː,u:,289.2857143,2,2,1
bəkax.TextGrid,CVCax,ə,38.25136612,1,1,0
bəkax.TextGrid,CVCax,a,165.0273224,1,2,1
bəkax.TextGrid,CVCax,ə,35.49618321,2,1,0
bəkax.TextGrid,CVCax,a,155.7251908,2,2,1
bekax-2.TextGrid,CVCax,ə,47.94520548,1,1,0
bekax-2.TextGrid,CVCax,a,103.8812785,1,2,1
bekax-2.TextGrid,CVCax,ə,36.8852459,2,1,0
bekax-2.TextGrid,CVCax,a,154.9180328,2,2,1
bəkax-3.TextGrid,CVCax,ə,39.76721629,1,1,0
bəkax-3.TextGrid,CVCax,a,117.3617847,1,2,1
bəkax-3.TextGrid,CVCax,ə,30.73770492,2,1,0
bəkax-3.TextGrid,CVCax,a,180.7377049,2,2,1
bəkax-4.TextGrid,CVCax,ə,39.12543153,1,1,0
bəkax-4.TextGrid,CVCax,a,182.9689298,1,2,1
bəkax-4.TextGrid,CVCax,ə,39.17910448,2,1,0
bəkax-4.TextGrid,CVCax,a,105.2238806,2,2,1
bəkax-5.TextGrid,CVCax,ə,28.60061287,1,1,0
bəkax-5.TextGrid,CVCax,a,136.8743616,1,2,1
bəkax-5.TextGrid,CVCax,ə,35.51020408,2,1,0
bəkax-5.TextGrid,CVCax,a,168.9795918,2,2,1
bəkax-6.TextGrid,CVCax,ə,64.97797357,1,1,0
bəkax-6.TextGrid,CVCax,a,159.69163,1,2,1
bəkax-6.TextGrid,CVCax,ə,44.2804428,2,1,0
bəkax-6.TextGrid,CVCax,a,138.3763838,2,2,1
biʃəx.TextGrid,CVCax,i,124.6169561,1,1,0
biʃəx.TextGrid,CVCax,ə,33.70786517,1,2,1
biʃəx.TextGrid,CVCax,i,125.7692308,2,1,0
biʃəx.TextGrid,CVCax,ə,41.53846154,2,2,1
biʃəx-2.TextGrid,CVCax,i,119.1536748,1,1,0
biʃəx-2.TextGrid,CVCax,ə,44.54342984,1,2,1
biʃəx-2.TextGrid,CVCax,i,132.2727273,2,1,0
biʃəx-2.TextGrid,CVCax,ə,77.72727273,2,2,1
biʃəx-3.TextGrid,CVCax,i,114.0552995,1,1,0
biʃəx-3.TextGrid,CVCax,ə,46.08294931,1,2,1
biʃəx-3.TextGrid,CVCax,i,128.4132841,2,1,0
biʃəx-3.TextGrid,CVCax,ə,37.63837638,2,2,1
biʃəx-4.TextGrid,CVCax,i,97.39524349,1,1,0
biʃəx-4.TextGrid,CVCax,ə,110.9852775,1,2,1
biʃəx-4.TextGrid,CVCax,i,64.74820144,2,1,0
biʃəx-4.TextGrid,CVCax,ə,90.64748201,2,2,1
biʃəx-5.TextGrid,CVCax,i,88.41099164,1,1,0
biʃəx-5.TextGrid,CVCax,ə,83.63201912,1,2,1
biʃəx-5.TextGrid,CVCax,i,107.5697211,2,1,0
biʃəx-5.TextGrid,CVCax,ə,71.71314741,2,2,1
biʃəx-6.TextGrid,CVCax,i,95.68874869,1,1,0
biʃəx-6.TextGrid,CVCax,ə,67.29758149,1,2,1
biʃəx-6.TextGrid,CVCax,i,100.7142857,2,1,0
biʃəx-6.TextGrid,CVCax,ə,64.28571429,2,2,1
caːcə.TextGrid,CVːCV,a:,157.5274177,1,1,1
caːcə.TextGrid,CVːCV,ə,57.82652044,1,2,0
caːcə.TextGrid,CVːCV,a:,174.9077491,2,1,1
caːcə.TextGrid,CVːCV,ə,81.91881919,2,2,0
caːcə-2.TextGrid,CVːCV,a:,176.8488746,1,1,1
caːcə-2.TextGrid,CVːCV,ə,118.9710611,1,2,0
caːcə-2.TextGrid,CVːCV,a:,209.8591549,2,1,1
caːcə-2.TextGrid,CVːCV,ə,133.8028169,2,2,0
caːcə-3.TextGrid,CVːCV,a:,155.3588987,1,1,1
caːcə-3.TextGrid,CVːCV,ə,129.7935103,1,2,0
caːcə-3.TextGrid,CVːCV,a:,231.4285714,2,1,1
caːcə-3.TextGrid,CVːCV,ə,142.8571429,2,2,0
catə.TextGrid,CVCV,a,61.72839506,1,1,1
catə.TextGrid,CVCV,ə,51.28205128,1,2,0
catə.TextGrid,CVCV,a,96.42857143,2,1,1
catə.TextGrid,CVCV,ə,70.98214286,2,2,0
catə-2.TextGrid,CVCV,a,84.47937132,1,1,1
catə-2.TextGrid,CVCV,ə,81.5324165,1,2,0
catə-2.TextGrid,CVCV,a,89.28571429,2,1,1
catə-2.TextGrid,CVCV,ə,121.4285714,2,2,0
catə-3.TextGrid,CVCV,a,94.42870633,1,1,1
catə-3.TextGrid,CVCV,ə,121.8130312,1,2,0
catə-3.TextGrid,CVCV,a,167.5977654,2,1,1
catə-3.TextGrid,CVCV,ə,172.6256983,2,2,0
caxtəx.TextGrid,CaxCax,a,77.62557078,1,1,1
caxtəx.TextGrid,CaxCax,ə,70.77625571,1,2,0
caxtəx.TextGrid,CaxCax,a,74.73684211,2,1,1
caxtəx.TextGrid,CaxCax,ə,85.26315789,2,2,0
caxtəx-2.TextGrid,CaxCax,a,107.5514874,1,1,1
caxtəx-2.TextGrid,CaxCax,ə,59.49656751,1,2,0
caxtəx-2.TextGrid,CaxCax,a,109.375,2,1,1
caxtəx-2.TextGrid,CaxCax,ə,78.125,2,2,0
caxtəx-3.TextGrid,CaxCax,a,70.69672131,1,1,1
caxtəx-3.TextGrid,CaxCax,,0,1,2,0
caxtəx-3.TextGrid,CaxCax,a,89.28571429,2,1,1
caxtəx-3.TextGrid,CaxCax,ə,65.47619048,2,2,0
caxpə.TextGrid,CaxCV,a,54.86725664,1,1,1
caxpə.TextGrid,CaxCV,ə,78.76106195,1,2,0
caxpə.TextGrid,CaxCV,a,67.90540541,2,1,1
caxpə.TextGrid,CaxCV,ə,89.18918919,2,2,0
caxpə-2.TextGrid,CaxCV,a,76.69616519,1,1,1
caxpə-2.TextGrid,CaxCV,ə,157.3254671,1,2,0
caxpə-2.TextGrid,CaxCV,a,87.67123288,2,1,1
caxpə-2.TextGrid,CaxCV,ə,176.7123288,2,2,0
caxpə-3.TextGrid,CaxCV,a,65.56016598,1,1,1
caxpə-3.TextGrid,CaxCV,ə,106.2240664,1,2,0
caxpə-3.TextGrid,CaxCV,a,49.13151365,2,1,1
caxpə-3.TextGrid,CaxCV,ə,87.09677419,2,2,0
caxtə.TextGrid,CaxCV,a,66.86626747,1,1,1
caxtə.TextGrid,CaxCV,ə,82.83433134,1,2,0
caxtə.TextGrid,CaxCV,a,64.94845361,2,1,1
caxtə.TextGrid,CaxCV,ə,121.3917526,2,2,0
caxtə-2.TextGrid,CaxCV,a,72.02881152,1,1,1
caxtə-2.TextGrid,CaxCV,ə,152.4609844,1,2,0
caxtə-2.TextGrid,CaxCV,a,120.3208556,2,1,1
caxtə-2.TextGrid,CaxCV,ə,147.5935829,2,2,0
caxtə-3.TextGrid,CaxCV,a,65.96558317,1,1,1
caxtə-3.TextGrid,CaxCV,ə,116.6347992,1,2,0
caxtə-3.TextGrid,CaxCV,a,175.739645,2,1,1
caxtə-3.TextGrid,CaxCV,ə,177.5147929,2,2,0
coːtə.TextGrid,CVːCV,o:,122.9357798,1,1,1
coːtə.TextGrid,CVːCV,ə,88.99082569,1,2,0
coːtə.TextGrid,CVːCV,o:,94.26433915,2,1,1
coːtə.TextGrid,CVːCV,ə,98.75311721,2,2,0
coːtə-2.TextGrid,CVːCV,o:,143.5897436,1,1,1
coːtə-2.TextGrid,CVːCV,ə,128.2051282,1,2,0
coːtə-2.TextGrid,CVːCV,,0,2,1,1
coːtə-2.TextGrid,CVːCV,,0,2,2,0
coːtə-3.TextGrid,CVːCV,o:,141.9878296,1,1,1
coːtə-3.TextGrid,CVːCV,ə,150.1014199,1,2,0
coːtə-3.TextGrid,CVːCV,o:,166.3043478,2,1,1
coːtə-3.TextGrid,CVːCV,ə,146.7391304,2,2,0
cʌhəx.TextGrid,CVCax,ə,56.15942029,1,1,0
cʌhəx.TextGrid,CVCax,ə,60.6884058,1,2,1
cʌhəx.TextGrid,CVCax,ə,103.8461538,2,1,0
cʌhəx.TextGrid,CVCax,ə,128.2051282,2,2,1
cʌhəx-2.TextGrid,CVCax,ə,100.102145,1,1,0
cʌhəx-2.TextGrid,CVCax,ə,74.56588355,1,2,1
cʌhəx-2.TextGrid,CVCax,ə,101.3333333,2,1,0
cʌhəx-2.TextGrid,CVCax,ə,120,2,2,1
cʌtəx.TextGrid,CVCax,ə,38.72216844,1,1,0
cʌhəx.TextGrid,CVCax,ə,79.3804453,1,2,1
cʌtəx.TextGrid,CVCax,ə,61.39534884,2,1,0
cʌhəx.TextGrid,CVCax,ə,115.8139535,2,2,1
cʌtəx-2.TextGrid,CVCax,ə,82.29426434,1,1,0
cʌtəx-2.TextGrid,CVCax,ə,50.70656692,1,2,1
cʌtəx-2.TextGrid,CVCax,ə,67.30038023,2,1,0
cʌtəx-2.TextGrid,CVCax,ə,46.76806084,2,2,1
cətax.TextGrid,CVCax,ə,60.22727273,1,1,0
cətax.TextGrid,CVCax,a,151.1363636,1,2,1
cətax.TextGrid,CVCax,ə,32.43243243,2,1,0
cətax.TextGrid,CVCax,a,240,2,2,1
cətax-2.TextGrid,CVCax,ə,31.95488722,1,1,0
cətax-2.TextGrid,CVCax,a,106.2030075,1,2,1
cətax-2.TextGrid,CVCax,ə,26.26728111,2,1,0
cətax-2.TextGrid,CVCax,a,147.9262673,2,2,1
coːcoː.TextGrid,CVːCVː,o:,131.6872428,1,1,1
coːcoː.TextGrid,CVːCVː,o:,144.0329218,1,2,0
coːcoː.TextGrid,CVːCVː,o:,144.2553191,2,1,1
coːcoː.TextGrid,CVːCVː,o:,213.1914894,2,2,0
coːcoː-2.TextGrid,CVːCVː,o:,125.3731343,1,1,1
coːcoː-2.TextGrid,CVːCVː,o:,256.7164179,1,2,0
coːcoː-2.TextGrid,CVːCVː,o:,122.5352113,2,1,1
coːcoː-2.TextGrid,CVːCVː,o:,201.7605634,2,2,0
coːcoː-3.TextGrid,CVːCVː,o:,131.661442,1,1,1
coːcoː-3.TextGrid,CVːCVː,o:,199.5820272,1,2,0
coːcoː-3.TextGrid,CVːCVː,o:,187.5,2,1,1
coːcoː-3.TextGrid,CVːCVː,o:,254.4642857,2,2,0
cʌpə.TextGrid,CVCV,ə,74.80314961,1,1,1
cʌpə.TextGrid,CVCV,ə,167.3228346,1,2,0
cʌpə.TextGrid,CVCV,ə,59.22746781,2,1,1
cʌpə.TextGrid,CVCV,ə,171.2446352,2,2,0
cʌpə-2.TextGrid,CVCV,ə,50.51546392,1,1,1
cʌpə-2.TextGrid,CVCV,ə,152.5773196,1,2,0
cʌpə-2.TextGrid,CVCV,ə,55.84415584,2,1,1
cʌpə-2.TextGrid,CVCV,ə,181.8181818,2,2,0
cʌpə-3.TextGrid,CVCV,ə,53.34728033,1,1,1
cʌpə-3.TextGrid,CVCV,ə,178.8702929,1,2,0
cʌpə-3.TextGrid,CVCV,ə,84.88372093,2,1,1
cʌpə-3.TextGrid,CVCV,ə,150,2,2,0
daːtə.TextGrid,CVːCV,a:,235.167206,1,1,1
daːtə.TextGrid,CVːCV,ə,145.631068,1,2,0
daːtə.TextGrid,CVːCV,a:,257.8947368,2,1,1
daːtə.TextGrid,CVːCV,ə,57.89473684,2,2,0
daːtə-2.TextGrid,CVːCV,a:,210.5778648,1,1,1
daːtə-2.TextGrid,CVːCV,ə,99.90205681,1,2,0
daːtə-2.TextGrid,CVːCV,a:,320.3125,2,1,1
daːtə-2.TextGrid,CVːCV,ə,118.75,2,2,0
daːtə-3.TextGrid,CVːCV,a:,189.688716,1,1,1
daːtə-3.TextGrid,CVːCV,ə,135.2140078,1,2,0
daːtə-3.TextGrid,CVːCV,a:,197.5352113,2,1,1
daːtə-3.TextGrid,CVːCV,ə,107.7464789,2,2,0
daːtiː.TextGrid,CVːCVː,a:,215.1515152,1,1,1
daːtiː.TextGrid,CVːCVː,i:,274.7474747,1,2,0
daːtiː.TextGrid,CVːCVː,a:,173.3606557,2,1,1
daːtiː.TextGrid,CVːCVː,i:,300,2,2,0
daːtiː-2.TextGrid,CVːCVː,a:,217.8571429,1,1,1
daːtiː-2.TextGrid,CVːCVː,i:,332.1428571,1,2,0
daːtiː-2.TextGrid,CVːCVː,a:,143.0232558,2,1,1
daːtiː-2.TextGrid,CVːCVː,i:,224.127907,2,2,0
daːtiː-3.TextGrid,CVːCVː,a:,164.3582641,1,1,1
daːtiː-3.TextGrid,CVːCVː,i:,277.0083102,1,2,0
daːtiː-3.TextGrid,CVːCVː,a:,218.6915888,2,1,1
daːtiː-3.TextGrid,CVːCVː,i:,412.1495327,2,2,0
dasəx.TextGrid,CVCax,a,148.2277121,1,1,0
dasəx.TextGrid,CVCax,ə,59.07626208,1,2,1
dasəx.TextGrid,CVCax,a,144.1696113,2,1,0
dasəx.TextGrid,CVCax,ə,48.76325088,2,2,1
dasəx-2.TextGrid,CVCax,a,127.6836158,1,1,0
dasəx-2.TextGrid,CVCax,ə,55.36723164,1,2,1
dasəx-2.TextGrid,CVCax,a,185.7142857,2,1,0
dasəx-2.TextGrid,CVCax,ə,75.71428571,2,2,1
datuː.TextGrid,CVCVː,a,139.275766,1,1,0
datuː.TextGrid,CVCVː,u:,259.9814299,1,2,1
datuː.TextGrid,CVCVː,a,158.4677419,2,1,0
datuː.TextGrid,CVCVː,u:,296.3709677,2,2,1
datuː-2.TextGrid,CVCVː,a,155.1724138,1,1,0
datuː-2.TextGrid,CVCVː,u:,261.4942529,1,2,1
datuː-2.TextGrid,CVCVː,a,175.9717314,2,1,0
datuː-2.TextGrid,CVCVː,u:,206.7137809,2,2,1
datuː-3.TextGrid,CVCVː,a,164.9365629,1,1,0
datuː-3.TextGrid,CVCVː,u:,268.7427912,1,2,1
datuː-3.TextGrid,CVCVː,a,174.1573034,2,1,0
datuː-3.TextGrid,CVCVː,u:,219.1011236,2,2,1
dətax.TextGrid,CVCax,ə,53.25443787,1,1,0
dətax.TextGrid,CVCax,a,160.9467456,1,2,1
dətax.TextGrid,CVCax,ə,56.55737705,2,1,0
dətax.TextGrid,CVCax,a,193.0327869,2,2,1
dətax-2.TextGrid,CVCax,ə,42.71123491,1,1,0
dətax-2.TextGrid,CVCax,a,125.3481894,1,2,1
dətax-2.TextGrid,CVCax,ə,51.42857143,2,1,0
dətax-2.TextGrid,CVCax,a,191.4285714,2,2,1
dətax-3.TextGrid,CVCax,ə,50.84745763,1,1,0
dətax-3.TextGrid,CVCax,a,141.2429379,1,2,1
dətax-3.TextGrid,CVCax,ə,56.09756098,2,1,0
dətax-3.TextGrid,CVCax,a,191.4634146,2,2,1
disəx.TextGrid,CVCax,i,176.5834933,1,1,0
disəx.TextGrid,CVCax,,0,1,2,1
disəx.TextGrid,CVCax,i,185.7692308,2,1,0
disəx.TextGrid,CVCax,ə,26.53846154,2,2,1
diʃəx.TextGrid,CVCax,i,149.0236382,1,1,0
diʃəx.TextGrid,CVCax,ə,53.44295992,1,2,1
diʃəx.TextGrid,CVCax,i,190.9090909,2,1,0
diʃəx.TextGrid,CVCax,ə,91.73553719,2,2,1
doʃəx.TextGrid,CVCax,o,185.0649351,1,1,0
doʃəx.TextGrid,CVCax,ə,40.04329004,1,2,1
doʃəx.TextGrid,CVCax,o,284.6938776,2,1,0
doʃəx.TextGrid,CVCax,ə,64.28571429,2,2,1
doʃəx-2.TextGrid,CVCax,o,181.6386969,1,1,0
doʃəx-2.TextGrid,CVCax,ə,54.29417572,1,2,1
doʃəx-2.TextGrid,CVCax,o,176.344086,2,1,0
doʃəx-2.TextGrid,CVCax,ə,59.13978495,2,2,1
faxtəx.TextGrid,CaxCax,a,76.59574468,1,1,1
faxtəx.TextGrid,CaxCax,ə,64.89361702,1,2,0
faxtəx.TextGrid,CaxCax,a,138.028169,2,1,1
faxtəx.TextGrid,CaxCax,ə,59.15492958,2,2,0
faxtəx-2.TextGrid,CaxCax,a,121.5351812,1,1,1
faxtəx-2.TextGrid,CaxCax,ə,99.14712154,1,2,0
faxtəx-2.TextGrid,CaxCax,a,136.7256637,2,1,1
faxtəx-2.TextGrid,CaxCax,ə,91.59292035,2,2,0
faxtəx-3.TextGrid,CaxCax,a,53.01455301,1,1,1
faxtəx-3.TextGrid,CaxCax,ə,15.59251559,1,2,0
faxtəx-3.TextGrid,CaxCax,a,122.2748815,2,1,1
faxtəx-3.TextGrid,CaxCax,ə,108.056872,2,2,0
faːsəx.TextGrid,CvːCax,a:,164.8351648,1,1,1
faːsəx.TextGrid,CvːCax,ə,22.97702298,1,2,0
faːsəx.TextGrid,CvːCax,a:,235.0230415,2,1,1
faːsəx.TextGrid,CvːCax,ə,76.03686636,2,2,0
faːsəx-2.TextGrid,CvːCax,a:,152.872444,1,1,1
faːsəx-2.TextGrid,CvːCax,ə,57.44888023,1,2,0
faːsəx-2.TextGrid,CvːCax,a:,219.7368421,2,1,1
faːsəx-2.TextGrid,CvːCax,ə,39.47368421,2,2,0
faːsəx-3.TextGrid,CvːCax,a:,162.530024,1,1,1
faːsəx-3.TextGrid,CvːCax,ə,22.41793435,1,2,0
faːsəx-3.TextGrid,CvːCax,a:,180.4270463,2,1,1
faːsəx-3.TextGrid,CvːCax,ə,35.23131673,2,2,0
fatəx.TextGrid,CVCax,a,76.74597084,1,1,0
fatəx.TextGrid,CVCax,ə,25.32617038,1,2,1
fatəx.TextGrid,CVCax,a,129.6943231,2,1,0
fatəx.TextGrid,CVCax,ə,69.43231441,2,2,1
fatəx-2.TextGrid,CVCax,a,139.2265193,1,1,0
fatəx-2.TextGrid,CVCax,ə,71.82320442,1,2,1
fatəx-2.TextGrid,CVCax,a,138.9344262,2,1,0
fatəx-2.TextGrid,CVCax,ə,60.24590164,2,2,1
fatəx-3.TextGrid,CVCax,a,120.6313416,1,1,0
fatəx-3.TextGrid,CVCax,ə,99.210823,1,2,1
fatəx-3.TextGrid,CVCax,a,144,2,1,0
fatəx-3.TextGrid,CVCax,ə,84,2,2,1
fəsuː.TextGrid,CVCVː,ə,62.69270298,1,1,0
fəsuː.TextGrid,CVCVː,u:,309.352518,1,2,1
fəsuː.TextGrid,CVCVː,ə,61.25,2,1,0
fəsuː.TextGrid,CVCVː,u:,300,2,2,1
fəsuː-2.TextGrid,CVCVː,ə,91.51785714,1,1,0
fəsuː-2.TextGrid,CVCVː,u:,367.1875,1,2,1
fəsuː-2.TextGrid,CVCVː,ə,103.8022814,2,1,0
fəsuː-2.TextGrid,CVCVː,u:,217.8707224,2,2,1
fəsuː-3.TextGrid,CVCVː,ə,49.09560724,1,1,0
fəsuː-3.TextGrid,CVCVː,u:,253.2299742,1,2,1
fəsuː-3.TextGrid,CVCVː,ə,81.37651822,2,1,0
fəsuː-3.TextGrid,CVCVː,u:,225.9109312,2,2,1
gaːfəx.TextGrid,CvːCax,a:,192.4398625,1,1,1
gaːfəx.TextGrid,CvːCax,ə,37.80068729,1,2,0
gaːfəx.TextGrid,CvːCax,a:,215.5893536,2,1,1
gaːfəx.TextGrid,CvːCax,ə,53.6121673,2,2,0
gaːfəx-2.TextGrid,CvːCax,a:,244.6700508,1,1,1
gaːfəx-2.TextGrid,CvːCax,ə,52.79187817,1,2,0
gaːfəx-2.TextGrid,CvːCax,a:,293.5344828,2,1,1
gaːfəx-2.TextGrid,CvːCax,ə,90.51724138,2,2,0
gaːfəx-3.TextGrid,CvːCax,a:,220.9543568,1,1,1
gaːfəx-3.TextGrid,CvːCax,ə,70.53941909,1,2,0
gaːfəx-3.TextGrid,CvːCax,a:,204.4067797,2,1,1
gaːfəx-3.TextGrid,CvːCax,ə,72.20338983,2,2,0
gaxtoː.TextGrid,CaxCVː,a,56.48148148,1,1,0
gaxtoː.TextGrid,CaxCVː,o:,219.4444444,1,2,1
gaxtoː.TextGrid,CaxCVː,a,79.33884298,2,1,0
gaxtoː.TextGrid,CaxCVː,o:,171.0743802,2,2,1
gaxtoː-2.TextGrid,CaxCVː,a,108.9536138,1,1,0
gaxtoː-2.TextGrid,CaxCVː,o:,433.6569579,1,2,1
gaxtoː-2.TextGrid,CaxCVː,a,119.7718631,2,1,0
gaxtoː-2.TextGrid,CaxCVː,o:,295.4372624,2,2,1
gaxtoː-3.TextGrid,CaxCVː,a,130.9794989,1,1,0
gaxtoː-3.TextGrid,CaxCVː,o:,291.571754,1,2,1
gaxtoː-3.TextGrid,CaxCVː,a,108.8328076,2,1,0
gaxtoː-3.TextGrid,CaxCVː,o:,224.2902208,2,2,1
gətax.TextGrid,CVCax,ə,44.397463,1,1,0
gətax.TextGrid,CVCax,a,128.9640592,1,2,1
gətax.TextGrid,CVCax,ə,34.30493274,2,1,0
gətax.TextGrid,CVCax,a,111.6591928,2,2,1
gətax-2.TextGrid,CVCax,ə,40.15296367,1,1,0
gətax-2.TextGrid,CVCax,a,125.2390057,1,2,1
gətax-2.TextGrid,CVCax,ə,65.33333333,2,1,0
gətax-2.TextGrid,CVCax,a,173.3333333,2,2,1
gətax-3.TextGrid,CVCax,ə,48.04804805,1,1,0
gətax-3.TextGrid,CVCax,a,108.1081081,1,2,1
gətax-3.TextGrid,CVCax,ə,45.38745387,2,1,0
gətax-3.TextGrid,CVCax,a,143.9114391,2,2,1
hakə.TextGrid,CVCV,a,92.8319624,1,1,1
hakə.TextGrid,CVCV,ə,113.9835488,1,2,0
hakə.TextGrid,CVCV,a,103.6764706,2,1,1
hakə.TextGrid,CVCV,ə,112.5,2,2,0
hakə-2.TextGrid,CVCV,a,74.14448669,1,1,1
hakə-2.TextGrid,CVCV,ə,111.21673,1,2,0
hakə-2.TextGrid,CVCV,a,106.5306122,2,1,1
hakə-2.TextGrid,CVCV,ə,88.16326531,2,2,0
hakə-3.TextGrid,CVCV,a,101.1743451,1,1,1
hakə-3.TextGrid,CVCV,ə,103.8843722,1,2,0
hakə-3.TextGrid,CVCV,a,134.375,2,1,1
hakə-3.TextGrid,CVCV,ə,103.125,2,2,0
hitəx.TextGrid,CVCax,i,58.46422339,1,1,0
hitəx.TextGrid,CVCax,ə,92.495637,1,2,1
hitəx.TextGrid,CVCax,i,75,2,1,0
hitəx.TextGrid,CVCax,ə,69.48529412,2,2,1
hitəx-2.TextGrid,CVCax,i,36.900369,1,1,0
hitəx-2.TextGrid,CVCax,ə,84.87084871,1,2,1
hitəx-2.TextGrid,CVCax,i,102.4096386,2,1,0
hitəx-2.TextGrid,CVCax,ə,120.4819277,2,2,1
hitəx-3.TextGrid,CVCax,i,61.13989637,1,1,0
hitəx-3.TextGrid,CVCax,ə,61.13989637,1,2,1
hitəx-3.TextGrid,CVCax,i,78.37837838,2,1,0
hitəx-3.TextGrid,CVCax,ə,100,2,2,1
huːtəx.TextGrid,CvːCax,u:,98.39572193,1,1,1
huːtəx.TextGrid,CvːCax,ə,93.04812834,1,2,0
huːtəx.TextGrid,CvːCax,u:,110.0917431,2,1,1
huːtəx.TextGrid,CvːCax,ə,70.64220183,2,2,0
huːtəx-2.TextGrid,CvːCax,u:,86.87258687,1,1,1
huːtəx-2.TextGrid,CvːCax,ə,77.22007722,1,2,0
huːtəx-2.TextGrid,CvːCax,u:,122.4,2,1,1
huːtəx-2.TextGrid,CvːCax,ə,117.6,2,2,0
huːtəx-3.TextGrid,CvːCax,u:,69,1,1,1
huːtəx-3.TextGrid,CvːCax,ə,68,1,2,0
huːtəx-3.TextGrid,CvːCax,u:,150,2,1,1
huːtəx-3.TextGrid,CvːCax,ə,120.2479339,2,2,0
lʲaxtəx.TextGrid,CaxCax,a,96.91629956,1,1,1
lʲaxtəx.TextGrid,CaxCax,ə,52.86343612,1,2,0
lʲaxtəx.TextGrid,CaxCax,a,160.4278075,2,1,1
lʲaxtəx.TextGrid,CaxCax,ə,56.14973262,2,2,0
lʲaxtəx-2.TextGrid,CaxCax,a,61.36950904,1,1,1
lʲaxtəx-2.TextGrid,CaxCax,ə,47.80361757,1,2,0
lʲaxtəx-2.TextGrid,CaxCax,a,58.42450766,2,1,1
lʲaxtəx-2.TextGrid,CaxCax,ə,51.20350109,2,2,0
lʲaxtəx-3.TextGrid,CaxCax,a,112.1177803,1,1,1
lʲaxtəx-3.TextGrid,CaxCax,ə,70.21517554,1,2,0
lʲaxtəx-3.TextGrid,CaxCax,a,171.8918919,2,1,1
lʲaxtəx-3.TextGrid,CaxCax,ə,108.6486486,2,2,0
paːpə.TextGrid,CVːCV,a:,247.5845411,1,1,1
paːpə.TextGrid,CVːCV,ə,129.2270531,1,2,0
paːpə.TextGrid,CVːCV,a:,272.1311475,2,1,1
paːpə.TextGrid,CVːCV,ə,119.6721311,2,2,0
paːpə-2.TextGrid,CVːCV,a:,190.5252317,1,1,1
paːpə-2.TextGrid,CVːCV,ə,140.061792,1,2,0
paːpə-2.TextGrid,CVːCV,a:,145.0980392,2,1,1
paːpə-2.TextGrid,CVːCV,ə,101.9607843,2,2,0
paːpə-3.TextGrid,CVːCV,a:,138.9413989,1,1,1
paːpə-3.TextGrid,CVːCV,ə,104.9149338,1,2,0
paːpə-3.TextGrid,CVːCV,a:,178.021978,2,1,1
paːpə-3.TextGrid,CVːCV,ə,0,2,2,0
paːtiː.TextGrid,CVːCVː,a:,94.60243761,1,1,1
paːtiː.TextGrid,CVːCVː,i:,198.4910041,1,2,0
paːtiː.TextGrid,CVːCVː,a:,216.9014085,2,1,1
paːtiː.TextGrid,CVːCVː,i:,253.5211268,2,2,0
paːtiː-2.TextGrid,CVːCVː,a:,159.6194503,1,1,1
paːtiː-2.TextGrid,CVːCVː,i:,427.0613108,1,2,0
paːtiː-2.TextGrid,CVːCVː,a:,194.4206009,2,1,1
paːtiː-2.TextGrid,CVːCVː,i:,262.6609442,2,2,0
paːtiː-3.TextGrid,CVːCVː,a:,167.7927928,1,1,1
paːtiː-3.TextGrid,CVːCVː,i:,297.2972973,1,2,0
paːtiː-3.TextGrid,CVːCVː,a:,201.8691589,2,1,1
paːtiː-3.TextGrid,CVːCVː,i:,234.1121495,2,2,0
paxtə.TextGrid,CaxCV,a,70.77205882,1,1,1
paxtə.TextGrid,CaxCV,ə,98.34558824,1,2,0
paxtə.TextGrid,CaxCV,a,93.01310044,2,1,1
paxtə.TextGrid,CaxCV,ə,140.1746725,2,2,0
paxtə-2.TextGrid,CaxCV,a,61.00217865,1,1,1
paxtə-2.TextGrid,CaxCV,ə,159.0413943,1,2,0
paxtə-2.TextGrid,CaxCV,a,155.7142857,2,1,1
paxtə-2.TextGrid,CaxCV,ə,165.7142857,2,2,0
paxtə-3.TextGrid,CaxCV,a,138.5729059,1,1,1
paxtə-3.TextGrid,CaxCV,ə,143.7435367,1,2,0
paxtə-3.TextGrid,CaxCV,a,147.9069767,2,1,1
paxtə-3.TextGrid,CaxCV,ə,142.3255814,2,2,0
paxtəx.TextGrid,CaxCax,a,71.99211045,1,1,1
paxtəx.TextGrid,CaxCax,ə,45.36489152,1,2,0
paxtəx.TextGrid,CaxCax,a,86.45833333,2,1,1
paxtəx.TextGrid,CaxCax,ə,69.79166667,2,2,0
paxtəx-2.TextGrid,CaxCax,a,102.2267206,1,1,1
paxtəx-2.TextGrid,CaxCax,ə,96.15384615,1,2,0
paxtəx-2.TextGrid,CaxCax,a,116.3793103,2,1,1
paxtəx-2.TextGrid,CaxCax,ə,117.6724138,2,2,0
paxtəx-3.TextGrid,CaxCax,a,74.39613527,1,1,1
paxtəx-3.TextGrid,CaxCax,ə,83.09178744,1,2,0
paxtəx-3.TextGrid,CaxCax,a,129.9107143,2,1,1
paxtəx-3.TextGrid,CaxCax,ə,91.07142857,2,2,0
paxtiː.TextGrid,CaxCVː,a,92.55319149,1,1,0
paxtiː.TextGrid,CaxCVː,i:,193.6170213,1,2,1
paxtiː.TextGrid,CaxCVː,a,145.5696203,2,1,0
paxtiː.TextGrid,CaxCVː,i:,197.4683544,2,2,1
paxtiː-2.TextGrid,CaxCVː,a,94.53781513,1,1,0
paxtiː-2.TextGrid,CaxCVː,i:,233.1932773,1,2,1
paxtiː-2.TextGrid,CaxCVː,a,115.0862069,2,1,0
paxtiː-2.TextGrid,CaxCVː,i:,232.7586207,2,2,1
paxtiː-3.TextGrid,CaxCVː,a,137.603796,1,1,0
paxtiː-3.TextGrid,CaxCVː,i:,429.4187426,1,2,1
paxtiː-3.TextGrid,CaxCVː,a,99.20318725,2,1,0
paxtiː-3.TextGrid,CaxCVː,i:,331.0756972,2,2,1
piːsə.TextGrid,CVːCV,i:,127.5510204,1,1,1
piːsə.TextGrid,CVːCV,ə,107.1428571,1,2,0
piːsə.TextGrid,CVːCV,i:,138.7665198,2,1,1
piːsə.TextGrid,CVːCV,ə,103.0837004,2,2,0
piːsə-2.TextGrid,CVːCV,i:,124.5551601,1,1,1
piːsə-2.TextGrid,CVːCV,ə,87.78173191,1,2,0
piːsə-2.TextGrid,CVːCV,i:,132.038835,2,1,1
piːsə-2.TextGrid,CVːCV,ə,74.75728155,2,2,0
piːsə-3.TextGrid,CVːCV,i:,127.5088548,1,1,1
piːsə-3.TextGrid,CVːCV,ə,92.08972845,1,2,0
piːsə-3.TextGrid,CVːCV,i:,159.8253275,2,1,1
piːsə-3.TextGrid,CVːCV,ə,95.63318777,2,2,0
poːkə.TextGrid,CVːCV,o:,138.6934673,1,1,1
poːkə.TextGrid,CVːCV,ə,144.7236181,1,2,0
poːkə.TextGrid,CVːCV,o:,135.3535354,2,1,1
poːkə.TextGrid,CVːCV,ə,73.73737374,2,2,0
poːkə-2.TextGrid,CVːCV,o:,146.0885957,1,1,1
poːkə-2.TextGrid,CVːCV,ə,147.0311027,1,2,0
poːkə-2.TextGrid,CVːCV,o:,186.8852459,2,1,1
poːkə-2.TextGrid,CVːCV,ə,137.704918,2,2,0
poːkə-3.TextGrid,CVːCV,o:,156.6018424,1,1,1
poːkə-3.TextGrid,CVːCV,ə,103.3776868,1,2,0
poːkə-3.TextGrid,CVːCV,o:,182.7160494,2,1,1
poːkə-3.TextGrid,CVːCV,ə,108.6419753,2,2,0
potə.TextGrid,CVCV,ə,30.36238981,1,1,1
potə.TextGrid,CVCV,ə,92.06660137,1,2,0
potə.TextGrid,CVCV,ə,96.69421488,2,1,1
potə.TextGrid,CVCV,ə,115.2892562,2,2,0
potə-2.TextGrid,CVCV,ə,77.22772277,1,1,1
potə-2.TextGrid,CVCV,ə,105.9405941,1,2,0
potə-2.TextGrid,CVCV,ə,61.67247387,2,1,1
potə-2.TextGrid,CVCV,ə,108.7108014,2,2,0
potə-3.TextGrid,CVCV,ə,63.06306306,1,1,1
potə-3.TextGrid,CVCV,ə,105.1051051,1,2,0
potə-3.TextGrid,CVCV,ə,68.46473029,2,1,1
potə-3.TextGrid,CVCV,ə,115.7676349,2,2,0
ʃaxpə.TextGrid,CaxCV,a,58.47076462,1,1,1
ʃaxpə.TextGrid,CaxCV,ə,52.47376312,1,2,0
ʃaxpə.TextGrid,CaxCV,a,93.33333333,2,1,1
ʃaxpə.TextGrid,CaxCV,ə,77.77777778,2,2,0
ʃaxpə-2.TextGrid,CaxCV,a,82.17592593,1,1,1
ʃaxpə-2.TextGrid,CaxCV,ə,115.7407407,1,2,0
ʃaxpə-2.TextGrid,CaxCV,a,95.45454545,2,1,1
ʃaxpə-2.TextGrid,CaxCV,ə,150,2,2,0
ʃaxpə-3.TextGrid,CaxCV,a,105.9751973,1,1,1
ʃaxpə-3.TextGrid,CaxCV,ə,100.3382187,1,2,0
ʃaxpə-3.TextGrid,CaxCV,a,121.3953488,2,1,1
ʃaxpə-3.TextGrid,CaxCV,ə,132.5581395,2,2,0
ʃaxtəx.TextGrid,CaxCax,a,60.35379813,1,1,1
ʃaxtəx.TextGrid,CaxCax,ə,35.3798127,1,2,0
ʃaxtəx.TextGrid,CaxCax,a,109.223301,2,1,1
ʃaxtəx.TextGrid,CaxCax,ə,71.3592233,2,2,0
ʃaxtəx-2.TextGrid,CaxCax,a,76.4262648,1,1,1
ʃaxtəx-2.TextGrid,CaxCax,ə,79.6555436,1,2,0
ʃaxtəx-2.TextGrid,CaxCax,a,113.1147541,2,1,1
ʃaxtəx-2.TextGrid,CaxCax,ə,76.2295082,2,2,0
ʃaxtəx-3.TextGrid,CaxCax,a,54.71562275,1,1,1
ʃaxtəx-3.TextGrid,CaxCax,ə,44.63642909,1,2,0
ʃaxtəx-3.TextGrid,CaxCax,a,108.2191781,2,1,1
ʃaxtəx-3.TextGrid,CaxCax,ə,112.3287671,2,2,0
ʃaːpəx.TextGrid,CvːCax,a:,175.7402101,1,1,1
ʃaːpəx.TextGrid,CvːCax,ə,51.57593123,1,2,0
ʃaːpəx.TextGrid,CvːCax,a:,112.5925926,2,1,1
ʃaːpəx.TextGrid,CvːCax,ə,54.07407407,2,2,0
ʃaːpəx-2.TextGrid,CvːCax,a:,203.520352,1,1,1
ʃaːpəx-2.TextGrid,CvːCax,ə,51.70517052,1,2,0
ʃaːpəx-2.TextGrid,CvːCax,a:,236.6972477,2,1,1
ʃaːpəx-2.TextGrid,CvːCax,ə,96.33027523,2,2,0
ʃaːpəx-3.TextGrid,CvːCax,a:,173.6111111,1,1,1
ʃaːpəx-3.TextGrid,CvːCax,ə,35.71428571,1,2,0
ʃaːpəx-3.TextGrid,CvːCax,a:,248.3253589,2,1,1
ʃaːpəx-3.TextGrid,CvːCax,ə,80.38277512,2,2,0
saːsuː.TextGrid,CVːCVː,a:,172.907489,1,1,1
saːsuː.TextGrid,CVːCVː,u:,214.7577093,1,2,0
saːsuː.TextGrid,CVːCVː,a:,212.5,2,1,1
saːsuː.TextGrid,CVːCVː,u:,216.25,2,2,0
saːsuː-2.TextGrid,CVːCVː,a:,149.1395793,1,1,1
saːsuː-2.TextGrid,CVːCVː,u:,367.1128107,1,2,0
saːsuː-2.TextGrid,CVːCVː,a:,173.3840304,2,1,1
saːsuː-2.TextGrid,CVːCVː,u:,222.4334601,2,2,0
saːsuː-3.TextGrid,CVːCVː,a:,174.0976645,1,1,1
saːsuː-3.TextGrid,CVːCVː,u:,360.9341826,1,2,0
saːsuː-3.TextGrid,CVːCVː,a:,209.4827586,2,1,1
saːsuː-3.TextGrid,CVːCVː,u:,280.6034483,2,2,0
satiː.TextGrid,CVCVː,a,144.7963801,1,1,0
satiː.TextGrid,CVCVː,i:,322.39819,1,2,1
satiː.TextGrid,CVCVː,a,40.58272633,2,1,0
satiː.TextGrid,CVCVː,i:,64.30801249,2,2,1
satiː-2.TextGrid,CVCVː,a,166.4932362,1,1,0
satiː-2.TextGrid,CVCVː,i:,210.1977107,1,2,1
satiː-2.TextGrid,CVCVː,a,436.3636364,2,1,0
satiː-2.TextGrid,CVCVː,i:,507.2727273,2,2,1
satiː-3.TextGrid,CVCVː,a,132.8200192,1,1,0
satiː-3.TextGrid,CVCVː,i:,263.7151107,1,2,1
satiː-3.TextGrid,CVCVː,a,175.1131222,2,1,0
satiː-3.TextGrid,CVCVː,i:,223.9819005,2,2,1
ʃaxsiː.TextGrid,CaxCVː,a,71.02272727,1,1,0
ʃaxsiː.TextGrid,CaxCVː,i:,171.4015152,1,2,1
ʃaxsiː.TextGrid,CaxCVː,a,126.4705882,2,1,0
ʃaxsiː.TextGrid,CaxCVː,i:,208.8235294,2,2,1
ʃaxsiː-2.TextGrid,CaxCVː,a,75.05285412,1,1,0
ʃaxsiː-2.TextGrid,CaxCVː,i:,278.012685,1,2,1
ʃaxsiː-2.TextGrid,CaxCVː,a,121.7948718,2,1,0
ʃaxsiː-2.TextGrid,CaxCVː,i:,212.8205128,2,2,1
ʃaxsiː-3.TextGrid,CaxCVː,a,75.75757576,1,1,0
ʃaxsiː-3.TextGrid,CaxCVː,i:,284.6320346,1,2,1
ʃaxsiː-3.TextGrid,CaxCVː,a,108.4158416,2,1,0
ʃaxsiː-3.TextGrid,CaxCVː,i:,253.960396,2,2,1
ʃaxtoː.TextGrid,CaxCVː,a,68.8372093,1,1,0
ʃaxtoː.TextGrid,CaxCVː,o:,193.4883721,1,2,1
ʃaxtoː.TextGrid,CaxCVː,a,90.72580645,2,1,0
ʃaxtoː.TextGrid,CaxCVː,o:,260.0806452,2,2,1
ʃaxtoː-2.TextGrid,CaxCVː,a,114.4883485,1,1,0
ʃaxtoː-2.TextGrid,CaxCVː,o:,302.9381966,1,2,1
ʃaxtoː-2.TextGrid,CaxCVː,a,158.0645161,2,1,0
ʃaxtoː-2.TextGrid,CaxCVː,o:,337.0967742,2,2,1
ʃaxtoː-3.TextGrid,CaxCVː,a,101.5625,1,1,0
ʃaxtoː-3.TextGrid,CaxCVː,o:,312.5,1,2,1
ʃaxtoː-3.TextGrid,CaxCVː,a,120.6185567,2,1,0
ʃaxtoː-3.TextGrid,CaxCVː,o:,287.628866,2,2,1
ʃaxtuː.TextGrid,CaxCVː,a,62.25680934,1,1,0
ʃaxtuː.TextGrid,CaxCVː,u:,243.1906615,1,2,1
ʃaxtuː.TextGrid,CaxCVː,a,89.47368421,2,1,0
ʃaxtuː.TextGrid,CaxCVː,o:,236.8421053,2,2,1
ʃaxtuː-2.TextGrid,CaxCVː,a,55.88235294,1,1,0
ʃaxtuː-2.TextGrid,CaxCVː,u:,219.6078431,1,2,1
ʃaxtuː-2.TextGrid,CaxCVː,a,114.8648649,2,1,0
ʃaxtuː-2.TextGrid,CaxCVː,o:,278.3783784,2,2,1
ʃaxtuː-3.TextGrid,CaxCVː,a,83.90804598,1,1,0
ʃaxtuː-3.TextGrid,CaxCVː,u:,278.1609195,1,2,1
ʃaxtuː-3.TextGrid,CaxCVː,a,124.0384615,2,1,0
ʃaxtuː-3.TextGrid,CaxCVː,u:,288.4615385,2,2,1
ʃeːʃəx.TextGrid,CvːCax,e:,166.4791901,1,1,1
ʃeːʃəx.TextGrid,CvːCax,ə,74.24071991,1,2,0
ʃeːʃəx.TextGrid,CvːCax,e:,177.1551724,2,1,1
ʃeːʃəx.TextGrid,CvːCax,ə,75,2,2,0
ʃeːʃəx-2.TextGrid,CvːCax,e:,144.4568869,1,1,1
ʃeːʃəx-2.TextGrid,CvːCax,ə,55.99104143,1,2,0
ʃeːʃəx-2.TextGrid,CvːCax,e:,166.25,2,1,1
ʃeːʃəx-2.TextGrid,CvːCax,ə,53.75,2,2,0
ʃeːʃəx-3.TextGrid,CvːCax,e:,150.5791506,1,1,1
ʃeːʃəx-3.TextGrid,CvːCax,ə,71.42857143,1,2,0
ʃeːʃəx-3.TextGrid,CvːCax,e:,192.0454545,2,1,1
ʃeːʃəx-3.TextGrid,CvːCax,ə,32.95454545,2,2,0
ʃekʲəx.TextGrid,CVCax,e,120.9039548,1,1,0
ʃekʲəx.TextGrid,CVCax,ə,68.92655367,1,2,1
ʃekʲəx.TextGrid,CVCax,e,167.0103093,2,1,0
ʃekʲəx.TextGrid,CVCax,ə,139.1752577,2,2,1
ʃekəx-2.TextGrid,CVCax,e,77.49627422,1,1,0
ʃekəx-2.TextGrid,CVCax,ə,70.78986587,1,2,1
ʃekəx-2.TextGrid,CVCax,e,151.3761468,2,1,0
ʃekəx-2.TextGrid,CVCax,ə,107.3394495,2,2,1
ʃekʲəx-3.TextGrid,CVCax,e,163.6971047,1,1,0
ʃekʲəx-3.TextGrid,CVCax,ə,59.02004454,1,2,1
ʃekʲəx-3.TextGrid,CVCax,e,162.1276596,2,1,0
ʃekʲəx-3.TextGrid,CVCax,ə,103.4042553,2,2,1
ʃiːkeː.TextGrid,CVːCVː,i:,136.659436,1,1,1
ʃiːkeː.TextGrid,CVːCVː,e:,246.2039046,1,2,0
ʃiːkeː.TextGrid,CVːCVː,i:,97.95918367,2,1,1
ʃiːkeː.TextGrid,CVːCVː,e:,329.3877551,2,2,0
ʃiːkeː-2.TextGrid,CVːCVː,i:,106.3607925,1,1,1
ʃiːkeː-2.TextGrid,CVːCVː,e:,241.9186653,1,2,0
ʃiːkeː-2.TextGrid,CVːCVː,i:,134.1013825,2,1,1
ʃiːkeː-2.TextGrid,CVːCVː,e:,326.2672811,2,2,0
ʃiːkeː-3.TextGrid,CVːCVː,i:,86.40674394,1,1,1
ʃiːkeː-3.TextGrid,CVːCVː,e:,403.5827187,1,2,0
ʃiːkeː-3.TextGrid,CVːCVː,i:,127.4193548,2,1,1
ʃiːkeː-3.TextGrid,CVːCVː,e:,441.9354839,2,2,0
soːpə.TextGrid,CVːCV,o:,155.9546314,1,1,1
soːpə.TextGrid,CVːCV,ə,120.0378072,1,2,0
soːpə.TextGrid,CVːCV,o:,212.5560538,2,1,1
soːpə.TextGrid,CVːCV,ə,191.0313901,2,2,0
soːpə-2.TextGrid,CVːCV,o:,153.5393819,1,1,1
soːpə-2.TextGrid,CVːCV,ə,86.73978066,1,2,0
soːpə-2.TextGrid,CVːCV,o:,190.2439024,2,1,1
soːpə-2.TextGrid,CVːCV,ə,137.804878,2,2,0
soːpə-3.TextGrid,CVːCV,o:,175.8584807,1,1,1
soːpə-3.TextGrid,CVːCV,ə,143.6004162,1,2,0
soːpə-3.TextGrid,CVːCV,o:,210.1382488,2,1,1
soːpə-3.TextGrid,CVːCV,ə,116.1290323,2,2,0
ʃopə.TextGrid,CVCV,o,74.2913001,1,1,1
ʃopə.TextGrid,CVCV,ə,151.5151515,1,2,0
ʃopə.TextGrid,CVCV,o,87.83783784,2,1,1
ʃopə.TextGrid,CVCV,ə,117.5675676,2,2,0
ʃopə-2.TextGrid,CVCV,o,80.96280088,1,1,1
ʃopə-2.TextGrid,CVCV,ə,161.9256018,1,2,0
ʃopə-2.TextGrid,CVCV,o,86.49635036,2,1,1
ʃopə-2.TextGrid,CVCV,ə,130.2919708,2,2,0
ʃopə-3.TextGrid,CVCV,o,66.21226874,1,1,1
ʃopə-3.TextGrid,CVCV,ə,134.3719572,1,2,0
ʃopə-3.TextGrid,CVCV,o,81.0483871,2,1,1
ʃopə-3.TextGrid,CVCV,ə,182.6612903,2,2,0
takiː.TextGrid,CVCVː,a,76.40232108,1,1,0
takiː.TextGrid,CVCVː,i:,372.3404255,1,2,1
takiː.TextGrid,CVCVː,a,122.3684211,2,1,0
takiː.TextGrid,CVCVː,i:,335.5263158,2,2,1
takiː-2.TextGrid,CVCVː,a,115.2993348,1,1,0
takiː-2.TextGrid,CVCVː,i:,250.5543237,1,2,1
takiː-2.TextGrid,CVCVː,a,156.5217391,2,1,0
takiː-2.TextGrid,CVCVː,i:,273.9130435,2,2,1
takiː-3.TextGrid,CVCVː,a,119.3866375,1,1,0
takiː-3.TextGrid,CVCVː,i:,235.4874042,1,2,1
takiː-3.TextGrid,CVCVː,a,115.8536585,2,1,0
takiː-3.TextGrid,CVCVː,i:,275.6097561,2,2,1
takuː.TextGrid,CVCVː,a,84.04255319,1,1,0
takuː.TextGrid,CVCVː,u:,220.212766,1,2,1
takuː.TextGrid,CVCVː,a,157.5418994,2,1,0
takuː.TextGrid,CVCVː,u:,301.6759777,2,2,1
takuː-2.TextGrid,CVCVː,a,110.3379722,1,1,0
takuː-2.TextGrid,CVCVː,u:,225.6461233,1,2,1
takuː-2.TextGrid,CVCVː,a,148.5714286,2,1,0
takuː-2.TextGrid,CVCVː,u:,292.8571429,2,2,1
takuː-3.TextGrid,CVCVː,a,77.5862069,1,1,0
takuː-3.TextGrid,CVCVː,o:,198.9942529,1,2,1
takuː-3.TextGrid,CVCVː,a,130.1020408,2,1,0
takuː-3.TextGrid,CVCVː,o:,255.6122449,2,2,1
taxpaː.TextGrid,CaxCVː,a,76.06490872,1,1,0
taxpaː.TextGrid,CaxCVː,a:,309.3306288,1,2,1
taxpaː.TextGrid,CaxCVː,a,169.4915254,2,1,0
taxpaː.TextGrid,CaxCVː,a:,389.8305085,2,2,1
taxpaː-2.TextGrid,CaxCVː,a,69.07894737,1,1,0
taxpaː-2.TextGrid,CaxCVː,a:,358.5526316,1,2,1
taxpaː-2.TextGrid,CaxCVː,a,172.6744186,2,1,0
taxpaː-2.TextGrid,CaxCVː,a:,359.3023256,2,2,1
taxpaː-3.TextGrid,CaxCVː,a,102.5390625,1,1,0
taxpaː-3.TextGrid,CaxCVː,a:,285.15625,1,2,1
taxpaː-3.TextGrid,CaxCVː,a,112.8571429,2,1,0
taxpaː-3.TextGrid,CaxCVː,a:,277.1428571,2,2,1
taxtə.TextGrid,CaxCV,a,109.1891892,1,1,1
taxtə.TextGrid,CaxCV,ə,152.4324324,1,2,0
taxtə.TextGrid,CaxCV,a,127.027027,2,1,1
taxtə.TextGrid,CaxCV,ə,155.4054054,2,2,0
taxtə-2.TextGrid,CaxCV,a,125.2873563,1,1,1
taxtə-2.TextGrid,CaxCV,ə,88.50574713,1,2,0
taxtə-2.TextGrid,CaxCV,a,109.6385542,2,1,1
taxtə-2.TextGrid,CaxCV,ə,162.6506024,2,2,0
taxtə-3.TextGrid,CaxCV,a,118.2669789,1,1,1
taxtə-3.TextGrid,CaxCV,ə,135.8313817,1,2,0
taxtə-3.TextGrid,CaxCV,a,112.8712871,2,1,1
taxtə-3.TextGrid,CaxCV,ə,166.3366337,2,2,0
taxtəx.TextGrid,CaxCax,a,67.21820062,1,1,1
taxtəx.TextGrid,CaxCax,ə,40.33092037,1,2,0
taxtəx.TextGrid,CaxCax,a,150,2,1,1
taxtəx.TextGrid,CaxCax,ə,57.69230769,2,2,0
taxtəx-2.TextGrid,CaxCax,a,94.60737938,1,1,1
taxtəx-2.TextGrid,CaxCax,ə,83.25449385,1,2,0
taxtəx-2.TextGrid,CaxCax,a,133.3333333,2,1,1
taxtəx-2.TextGrid,CaxCax,ə,141.6666667,2,2,0
taxtəx-3.TextGrid,CaxCax,a,105.5495103,1,1,1
taxtəx-3.TextGrid,CaxCax,ə,72.90533188,1,2,0
taxtəx-3.TextGrid,CaxCax,a,143.5483871,2,1,1
taxtəx-3.TextGrid,CaxCax,ə,93.5483871,2,2,0
təsax.TextGrid,CVCax,ə,37.90983607,1,1,0
təsax.TextGrid,CVCax,a,127.0491803,1,2,1
təsax.TextGrid,CVCax,ə,71.875,2,1,0
təsax.TextGrid,CVCax,a,221.875,2,2,1
təsax-2.TextGrid,CVCax,ə,30.12746234,1,1,0
təsax-2.TextGrid,CVCax,a,144.8435689,1,2,1
təsax-2.TextGrid,CVCax,ə,37.26708075,2,1,0
təsax-2.TextGrid,CVCax,a,251.552795,2,2,1
təsax-3.TextGrid,CVCax,ə,50.89058524,1,1,0
təsax-3.TextGrid,CVCax,a,139.9491094,1,2,1
təsax-3.TextGrid,CVCax,ə,55.33980583,2,1,0
təsax-3.TextGrid,CVCax,a,216.9902913,2,2,1
təsiː.TextGrid,CVCVː,ə,113.1167268,1,1,0
təsiː.TextGrid,CVCVː,i:,251.5042118,1,2,1
təsiː.TextGrid,CVCVː,ə,100.9615385,2,1,0
təsiː.TextGrid,CVCVː,i:,259.6153846,2,2,1
təsiː-2.TextGrid,CVCVː,ə,124.0808824,1,1,0
təsiː-2.TextGrid,CVCVː,i:,204.0441176,1,2,1
təsiː-2.TextGrid,CVCVː,ə,139.7435897,2,1,0
təsiː-2.TextGrid,CVCVː,i:,221.7948718,2,2,1
təsiː-3.TextGrid,CVCVː,ə,88.17427386,1,1,0
təsiː-3.TextGrid,CVCVː,i:,260.373444,1,2,1
təsiː-3.TextGrid,CVCVː,ə,112.3222749,2,1,0
təsiː-3.TextGrid,CVCVː,i:,264.4549763,2,2,1
tuːtəx.TextGrid,CvːCax,u:,128.440367,1,1,1
tuːtəx.TextGrid,CvːCax,ə,95.82059123,1,2,0
tuːtəx.TextGrid,CvːCax,u:,153,2,1,1
tuːtəx.TextGrid,CvːCax,ə,123,2,2,0
tuːtəx-2.TextGrid,CvːCax,u:,127.3062731,1,1,1
tuːtəx-2.TextGrid,CvːCax,ə,55.35055351,1,2,0
tuːtəx-2.TextGrid,CvːCax,u:,170.6161137,2,1,1
tuːtəx-2.TextGrid,CvːCax,ə,115.1658768,2,2,0
tuːtəx-3.TextGrid,CvːCax,u:,122.5296443,1,1,1
tuːtəx-3.TextGrid,CvːCax,ə,41.8972332,1,2,0
tuːtəx-3.TextGrid,CvːCax,u:,200.4878049,2,1,1
tuːtəx-3.TextGrid,CvːCax,ə,98.04878049,2,2,0
voːtiː.TextGrid,CVːCVː,o:,148.4759095,1,1,1
voːtiː.TextGrid,CVːCVː,i:,276.3028515,1,2,0
voːtiː.TextGrid,CVːCVː,o:,186.9955157,2,1,1
voːtiː.TextGrid,CVːCVː,i:,351.1210762,2,2,0
voːtiː-2.TextGrid,CVːCVː,o:,160,1,1,1
voːtiː-2.TextGrid,CVːCVː,i:,312.2222222,1,2,0
voːtiː-2.TextGrid,CVːCVː,o:,120.1923077,2,1,1
voːtiː-2.TextGrid,CVːCVː,i:,279.8076923,2,2,0
voːtiː-3.TextGrid,CVːCVː,o:,160.2434077,1,1,1
voːtiː-3.TextGrid,CVːCVː,i:,311.3590264,1,2,0
voːtiː-3.TextGrid,CVːCVː,o:,128.5714286,2,1,1
voːtiː-3.TextGrid,CVːCVː,i:,268.3673469,2,2,0
